{"cameraMode":{"drawMode":0,"name":"Shaded","section":"Shading Mode"},"sceneLighting":false,"audioPlay":false,"sceneViewState":{"showFog":true,"showMaterialUpdate":false,"showSkybox":false,"showFlares":true,"showImageEffects":true,"showParticleSystems":true,"showVisualEffectGraphs":true,"m_FxEnabled":true},"in2DMode":false,"pivot":{"x":-6.498956680297852,"y":0.19985121488571168,"z":10.29876708984375},"rotation":{"x":-0.019216887652873994,"y":0.9647592902183533,"z":-0.25180959701538088,"w":-0.07365772873163223},"size":0.9283944964408875,"orthographic":false}