{"cameraMode":{"drawMode":0,"name":"Shaded","section":"Shading Mode"},"sceneLighting":false,"audioPlay":false,"sceneViewState":{"showFog":true,"showMaterialUpdate":false,"showSkybox":false,"showFlares":true,"showImageEffects":true,"showParticleSystems":true,"showVisualEffectGraphs":true,"m_FxEnabled":true},"in2DMode":false,"pivot":{"x":1.135869026184082,"y":1.4078539609909058,"z":-0.40758928656578066},"rotation":{"x":0.018830034881830217,"y":-0.7163252234458923,"z":0.01934555545449257,"w":0.6972411274909973},"size":1.2124356031417847,"orthographic":false}